{"cameraMode":{"drawMode":0,"name":"Shaded","section":"Shading Mode"},"sceneLighting":true,"audioPlay":false,"sceneViewState":{"showFog":true,"showMaterialUpdate":false,"showSkybox":true,"showFlares":true,"showImageEffects":true,"showParticleSystems":true},"in2DMode":false,"pivot":{"x":4.088762283325195,"y":-8.265101432800293,"z":11.975950241088868},"rotation":{"x":-0.19627027213573457,"y":0.6846988797187805,"z":-0.19971488416194917,"w":-0.6728888750076294},"size":26.001392364501954,"orthographic":false}